Date,EWA,EWC
4/1/10,23.72,26.92
5/1/10,23.79,27.07
6/1/10,23.88,27.28
7/1/10,23.77,27.19
8/1/10,24.05,27.33
11/1/10,24.29,27.25
12/1/10,23.49,26.77
13/1/10,23.85,27.04
14/1/10,24.15,27.12
15/1/10,23.64,26.72
19/1/10,23.99,26.75
20/1/10,23.28,26.14
21/1/10,22.5,25.6
22/1/10,22.04,25.08
25/1/10,22.378,25.15
26/1/10,21.98,25.07
27/1/10,21.88,24.95
28/1/10,21.68,24.69
29/1/10,21.1,24.44
1/2/10,21.61,24.9
2/2/10,21.76,25.2
3/2/10,21.49,25.09
4/2/10,20.47,24.33
5/2/10,20.59,24.505
8/2/10,20.46,24.25
9/2/10,21.06,24.73
10/2/10,20.93,24.92
11/2/10,21.66,25.49
12/2/10,21.28,25.5
16/2/10,22.14,26.08
17/2/10,22.38,26.11
18/2/10,22.55,26.42
19/2/10,22.38,26.44
22/2/10,22.68,26.28
23/2/10,22.22,25.62
24/2/10,22.34,25.72
25/2/10,21.82,25.83
26/2/10,22.14,25.91
1/3/10,22.77,26.44
2/3/10,22.89,26.83
3/3/10,23.15,27.03
4/3/10,23.02,26.95
5/3/10,23.61,27.36
8/3/10,23.48,27.42
9/3/10,23.72,27.3625
10/3/10,23.8,27.41
11/3/10,23.73,27.51
12/3/10,23.72,27.69
15/3/10,23.47,27.65
16/3/10,23.89,28.05
17/3/10,24.16,28.19
18/3/10,23.98,27.92
19/3/10,23.75,27.73
22/3/10,23.91,27.67
23/3/10,24.25,27.92
24/3/10,23.76,27.47
25/3/10,23.82,27.52
26/3/10,23.83,27.48
29/3/10,24.22,27.82
30/3/10,24.26,27.91
31/3/10,24.01,27.91
1/4/10,24.47,28.42
5/4/10,24.62,28.63
6/4/10,24.78,28.61
7/4/10,24.6,28.37
8/4/10,24.59,28.46
9/4/10,24.79,28.62
12/4/10,24.71,28.57
13/4/10,24.66,28.48
14/4/10,25.12,28.78
15/4/10,25.07,28.74
16/4/10,24.48,28.07
19/4/10,24.32,28.11
20/4/10,24.67,28.64
21/4/10,24.55,28.57
22/4/10,24.38,28.65
23/4/10,24.29,28.77
26/4/10,24.24,28.85
27/4/10,23.35,28.04
28/4/10,23.75,28.11
29/4/10,23.96,28.62
30/4/10,23.44,28.23
3/5/10,23.73,28.46
4/5/10,22.49,27.63
5/5/10,22.3,27.14
6/5/10,20.81,26.39
7/5/10,20.84,26.36
10/5/10,22.43,27.51
11/5/10,21.92,27.67
12/5/10,22.08,28.16
13/5/10,21.95,27.86
14/5/10,21.21,27.36
17/5/10,21,27.04
18/5/10,20.44,26.81
19/5/10,19.73,26.49
20/5/10,18.47,25.2
21/5/10,19.29,25.68
24/5/10,19.25,25.36
25/5/10,19.1,25.43
26/5/10,18.94,25.47
27/5/10,20.24,26.39
28/5/10,20.11,26.17
1/6/10,19.48,25.86
2/6/10,20.06,26.721
3/6/10,20.12,26.67
4/6/10,19.08,25.7
7/6/10,18.65,25.48
8/6/10,19.43,25.91
9/6/10,19.48,25.79
10/6/10,20.52,26.59
11/6/10,20.63,26.59
14/6/10,20.78,26.66
15/6/10,21.23,27.38
16/6/10,21.09,27.43
17/6/10,21.04,27.43
18/6/10,21.23,27.62
21/6/10,21.46,27.51
22/6/10,21.06,27.08
23/6/10,20.74,26.65
24/6/10,20.32,26.2
25/6/10,20.44,26.43
28/6/10,20.16,26.25
29/6/10,19.2,25.03
30/6/10,18.98,24.87
1/7/10,18.99,24.61
2/7/10,18.98,24.61
6/7/10,19.28,24.82
7/7/10,19.88,25.44
8/7/10,20.35,25.65
9/7/10,20.5,26.21
12/7/10,20.36,26.14
13/7/10,20.62,26.44
14/7/10,20.73,26.31
15/7/10,20.71,26.47
16/7/10,20.04,25.68
19/7/10,20.1,25.58
20/7/10,20.79,26.06
21/7/10,20.32,25.65
22/7/10,20.96,26.23
23/7/10,21.31,26.39
26/7/10,21.61,26.58
27/7/10,21.53,26.44
28/7/10,21.38,26.34
29/7/10,21.56,26.52
30/7/10,21.55,26.66
2/8/10,22.26,27.14
3/8/10,22.02,26.99
4/8/10,22.25,27.23
5/8/10,22.08,27.09
6/8/10,22.07,26.88
9/8/10,22.28,26.98
10/8/10,21.89,26.83
11/8/10,20.89,25.9
12/8/10,20.84,25.8
13/8/10,21,25.77
16/8/10,21.23,25.73
17/8/10,21.61,26.46
18/8/10,21.46,26.68
19/8/10,21.04,26.31
20/8/10,21.1,26.09
23/8/10,20.9,25.94
24/8/10,20.41,25.43
25/8/10,20.36,25.57
26/8/10,20.45,25.64
27/8/10,21.17,26.32
30/8/10,21.02,26.21
31/8/10,21.06,26.1
1/9/10,22.23,26.64
2/9/10,22.25,26.86
3/9/10,22.42,27.23
7/9/10,22.22,27.01
8/9/10,22.43,27.12
9/9/10,22.75,27.19
10/9/10,22.7,27.24
13/9/10,23.23,27.61
14/9/10,23.42,27.69
15/9/10,23.41,27.6
16/9/10,23.2,27.67
17/9/10,23.12,27.54
20/9/10,23.64,27.78
21/9/10,23.54,27.71
22/9/10,23.56,27.49
23/9/10,23.33,27.3
24/9/10,23.95,27.8
27/9/10,23.98,27.66
28/9/10,24.38,27.81
29/9/10,24.13,27.89
30/9/10,23.74,28.03
1/10/10,23.99,28.33
4/10/10,23.78,28.15
5/10/10,24.32,28.72
6/10/10,24.53,28.9
7/10/10,24.47,28.55
8/10/10,24.86,28.91
11/10/10,24.73,29
12/10/10,24.51,29.01
13/10/10,24.68,29.4
14/10/10,24.89,29.27
15/10/10,24.835,29.08
18/10/10,24.76,29.01
19/10/10,23.91,28.41
20/10/10,24.47,28.81
21/10/10,24.2,28.64
22/10/10,24.34,28.59
25/10/10,24.878,28.88
26/10/10,24.66,28.81
27/10/10,24.21,28.47
28/10/10,24.46,28.6
29/10/10,24.47,28.9225
1/11/10,24.64,29.03
2/11/10,25.18,29.22
3/11/10,25.39,29.28
4/11/10,26.24,29.93
5/11/10,26.27,30.01
8/11/10,26.02,30.15
9/11/10,25.46,29.85
10/11/10,25.57,30.06
11/11/10,25.28,29.96
12/11/10,24.79,29.39
15/11/10,24.81,29.37
16/11/10,24.32,28.65
17/11/10,24.32,28.72
18/11/10,24.82,29.24
19/11/10,24.62,29.55
22/11/10,24.59,29.55
23/11/10,23.71,29.05
24/11/10,24.32,29.62
26/11/10,23.7,29.38
29/11/10,23.92,29.44
30/11/10,23.52,29.33
1/12/10,24.17,30.04
2/12/10,24.74,30.44
3/12/10,25.05,30.5
6/12/10,24.9,30.56
7/12/10,24.94,30.41
8/12/10,24.78,30.21
9/12/10,25.01,30.27
10/12/10,25.2,30.5
13/12/10,25.5,30.65
14/12/10,25.62,30.63
15/12/10,25.14,30.57
16/12/10,25.41,30.46
17/12/10,25.29,30.38
20/12/10,25.29,30.23
21/12/10,24.94,30.22
22/12/10,25.09,30.34
23/12/10,25.2,30.498
27/12/10,25.17,30.46
28/12/10,25.24,30.67
29/12/10,25.43,30.95
30/12/10,25.42,30.93
31/12/10,25.44,31
3/1/11,25.59,31.25
4/1/11,24.93,30.92
5/1/11,24.76,30.98
6/1/11,24.51,30.83
7/1/11,24.42,30.85
10/1/11,24.45,30.73
11/1/11,24.41,31.18
12/1/11,24.71,31.44
13/1/11,24.88,31.24
14/1/11,24.89,31.32
18/1/11,25.1,31.49
19/1/11,25.08,31.13
20/1/11,24.66,30.85
21/1/11,24.64,30.92
24/1/11,25.03,31
25/1/11,24.91,30.72
26/1/11,25.1,31.235
27/1/11,25.03,31.185
28/1/11,24.57,31.01
31/1/11,24.87,31.29
1/2/11,25.37,31.92
2/2/11,25.29,31.97
3/2/11,25.629,32.21
4/2/11,25.86,32.21
7/2/11,25.95,32.19
8/2/11,26.1,32.2275
9/2/11,25.97,32.01
10/2/11,25.86,32.12
11/2/11,25.79,32.22
14/2/11,26.03,32.48
15/2/11,25.77,32.465
16/2/11,26.02,32.95
17/2/11,26.31,33.11
18/2/11,26.27,33.11
22/2/11,25.32,32.6
23/2/11,25.42,32.65
24/2/11,25.53,32.61
25/2/11,26.03,33.18
28/2/11,26.11,33.67
1/3/11,25.53,33.475
2/3/11,25.84,33.63
3/3/11,26.11,33.89
4/3/11,25.95,33.98
7/3/11,25.54,33.53
8/3/11,25.73,33.4
9/3/11,25.56,33.22
10/3/11,24.68,32.35
11/3/11,24.97,32.59
14/3/11,24.71,32.45
15/3/11,24,31.92
16/3/11,23.45,31.63
17/3/11,23.74,32.31
18/3/11,24.4,32.48
21/3/11,24.95,33.18
22/3/11,24.95,33.15
23/3/11,25.15,33.25
24/3/11,25.66,33.31
25/3/11,25.77,33.13
28/3/11,25.75,32.885
29/3/11,26.16,33.07
30/3/11,26.54,33.54
31/3/11,26.62,33.61
1/4/11,26.93,33.93
4/4/11,26.9,34
5/4/11,26.87,34.2
6/4/11,27.3,34.21
7/4/11,27.28,33.97
8/4/11,27.56,34.29
11/4/11,27.62,33.76
12/4/11,27.09,33.12
13/4/11,27.3,33.17
14/4/11,27.36,33.19
15/4/11,27.23,33.11
18/4/11,26.87,32.76
19/4/11,26.91,33.11
20/4/11,27.71,33.58
21/4/11,28.04,33.84
25/4/11,28.07,33.62
26/4/11,28.22,33.72
27/4/11,28.28,33.73
28/4/11,28.35,33.71
29/4/11,28.27,33.7
2/5/11,27.93,33.81
3/5/11,27.5,33.15
4/5/11,26.82,32.76
5/5/11,26.41,32.04
6/5/11,26.88,32.28
9/5/11,27.19,32.65
10/5/11,27.33,32.79
11/5/11,26.79,32.14
12/5/11,26.63,32.04
13/5/11,26.21,31.77
16/5/11,26.2,31.76
17/5/11,26.41,31.91
18/5/11,26.65,32.4
19/5/11,26.88,32.47
20/5/11,26.62,32.34
23/5/11,25.77,31.76
24/5/11,25.95,32.09
25/5/11,25.86,32.42
26/5/11,26.3,32.55
27/5/11,26.54,32.58
31/5/11,26.72,32.9
1/6/11,26.1,31.97
2/6/11,26.07,31.94
3/6/11,25.89,31.85
6/6/11,25.78,31.32
7/6/11,25.98,31.36
8/6/11,25.51,31.08
9/6/11,25.85,31.39
10/6/11,25.33,30.84
13/6/11,25.4,30.71
14/6/11,26.06,31.27
15/6/11,25.34,30.63
16/6/11,25.11,30.3
17/6/11,25.41,30.24
20/6/11,25.23,30.33
21/6/11,25.68,31.05
22/6/11,25.04,30.78
23/6/11,24.9,30.43
24/6/11,24.64,30
27/6/11,24.6,30.15
28/6/11,25.09,30.67
29/6/11,25.48,31.25
30/6/11,26.05,31.67
1/7/11,26.241,31.9
5/7/11,25.81,31.99
6/7/11,25.64,31.84
7/7/11,26.08,32.03
8/7/11,25.95,31.94
11/7/11,25.22,31.27
12/7/11,24.86,31.4
13/7/11,25.33,31.825
14/7/11,25,31.59
15/7/11,24.85,31.96
18/7/11,24.6,31.6
19/7/11,25.19,32.1
20/7/11,25.48,32.24
21/7/11,25.9,32.59
22/7/11,26.08,32.61
25/7/11,25.74,32.57
26/7/11,25.98,32.29
27/7/11,25.68,31.4
28/7/11,25.46,31.36
29/7/11,25.21,30.94
1/8/11,25.24,31
2/8/11,24.48,30.24
3/8/11,24.21,30.39
4/8/11,22.5,28.93
5/8/11,22.28,28.43
8/8/11,20.49,26.88
9/8/11,22.49,28.38
10/8/11,21.43,27.93
11/8/11,22.71,29.07
12/8/11,22.84,29.02
15/8/11,23.81,29.69
16/8/11,23.32,29.26
17/8/11,23.73,29.44
18/8/11,22.61,28.23
19/8/11,22.33,27.8
22/8/11,22.36,27.9
23/8/11,23.39,28.62
24/8/11,23.28,28.76
25/8/11,22.9,28.52
26/8/11,23.47,28.7
29/8/11,24.141,29.29
30/8/11,24.12,29.55
31/8/11,24.34,29.89
1/9/11,24.09,29.85
2/9/11,23.48,29.32
6/9/11,22.94,28.97
7/9/11,23.83,29.54
8/9/11,23.32,29.34
9/9/11,22.581,28.44
12/9/11,22.24,27.99
13/9/11,22.29,28.26
14/9/11,22.09,28.32
15/9/11,22.48,28.89
16/9/11,22.66,28.68
19/9/11,22.02,28.1
20/9/11,21.89,28.08
21/9/11,21.09,27.08
22/9/11,19.93,25.64
23/9/11,20.07,25.43
26/9/11,20.6,26.03
27/9/11,21.24,26.52
28/9/11,20.67,25.76
29/9/11,20.75,25.92
30/9/11,20.06,25.49
3/10/11,19.4,24.56
4/10/11,19.84,24.36
5/10/11,20.41,25.42
6/10/11,21.3,26.19
7/10/11,21.43,25.75
10/10/11,22.42,26.78
11/10/11,22.37,26.59
12/10/11,22.77,27.2
13/10/11,22.85,26.83
14/10/11,23.32,27.51
17/10/11,22.68,26.81
18/10/11,23.02,27.25
19/10/11,22.6,26.67
20/10/11,22.54,26.74
21/10/11,23.02,27.23
24/10/11,23.76,27.84
25/10/11,23.12,27.35
26/10/11,23.45,27.86
27/10/11,25.16,28.95
28/10/11,24.87,28.99
31/10/11,23.74,28.24
1/11/11,22.86,27.32
2/11/11,23.14,27.68
3/11/11,23.62,28.39
4/11/11,23.51,28.05
7/11/11,23.67,28.24
8/11/11,23.97,28.41
9/11/11,22.76,27.29
10/11/11,23.13,27.31
11/11/11,23.8,27.88
14/11/11,23.24,27.58
15/11/11,23.29,27.42
16/11/11,22.78,27.28
17/11/11,22.3,26.56
18/11/11,22.26,26.6
21/11/11,21.57,25.99
22/11/11,21.58,26.01
23/11/11,20.82,25.26
25/11/11,20.7,24.96
28/11/11,21.63,25.74
29/11/11,21.89,26.14
30/11/11,23.26,27.46
1/12/11,23.04,27.4
2/12/11,23.31,27.19
5/12/11,23.69,27.41
6/12/11,23.4,27.42
7/12/11,23.53,27.58
8/12/11,22.762,26.75
9/12/11,23.15,27.11
12/12/11,22.44,26.55
13/12/11,22.17,26.03
14/12/11,21.87,25.43
15/12/11,21.89,25.44
16/12/11,21.89,25.76
19/12/11,21.36,25.4
20/12/11,21.46,25.62
21/12/11,21.47,25.86
22/12/11,21.67,26.28
23/12/11,21.79,26.4
27/12/11,21.75,26.31
28/12/11,21.11,25.9
29/12/11,21.45,26.19
30/12/11,21.44,26.6
3/1/12,22.08,27.4
4/1/12,22.34,27.35
5/1/12,22.05,27.18
6/1/12,21.76,26.9
9/1/12,21.83,26.98
10/1/12,22.25,27.33
11/1/12,22.38,27.2
12/1/12,22.48,27.34
13/1/12,22.3,27.13
17/1/12,22.48,27.29
18/1/12,22.88,27.63
19/1/12,22.84,27.79
20/1/12,22.94,27.75
23/1/12,23.02,28.24
24/1/12,22.84,27.86
25/1/12,23.43,28.35
26/1/12,23.5,28.19
27/1/12,23.6,28.26
30/1/12,23.37,28.07
31/1/12,23.42,28.11
1/2/12,23.66,28.36
2/2/12,23.67,28.46
3/2/12,24.02,28.78
6/2/12,23.87,28.61
7/2/12,23.86,28.5
8/2/12,23.9,28.51
9/2/12,23.88,28.44
10/2/12,23.27,28
13/2/12,23.65,28.14
14/2/12,23.33,28.03
15/2/12,23.26,28.09
16/2/12,23.37,28.48
17/2/12,23.19,28.38
21/2/12,23.52,28.75
22/2/12,23.48,28.87
23/2/12,23.72,29
24/2/12,23.76,28.9
27/2/12,23.8,28.85
28/2/12,23.81,29.1
29/2/12,23.75,29.02
1/3/12,23.9,29.32
2/3/12,23.72,29.05
5/3/12,23.51,28.63
6/3/12,22.74,27.91
7/3/12,22.87,27.99
8/3/12,23.2,28.4801
9/3/12,23.15,28.59
12/3/12,22.96,28.34
13/3/12,23.45,28.79
14/3/12,23.18,28.32
15/3/12,23.48,28.53
16/3/12,23.62,28.72
19/3/12,23.73,28.76
20/3/12,23.22,28.53
21/3/12,23.11,28.55
22/3/12,22.88,28.11
23/3/12,23.2,28.37
26/3/12,23.56,28.87
27/3/12,23.35,28.63
28/3/12,23.38,28.36
29/3/12,23.39,28.3
30/3/12,23.51,28.34
2/4/12,23.63,28.8
3/4/12,23.26,28.37
4/4/12,22.98,27.87
5/4/12,23.12,27.71
9/4/12,22.93,27.46
10/4/12,22.6095,27.03
11/4/12,22.84,27.24
12/4/12,23.45,27.96
13/4/12,23.15,27.44
16/4/12,23.24,27.41
17/4/12,23.51,27.95
18/4/12,23.46,27.9
19/4/12,23.49,27.83
20/4/12,23.61,27.92
23/4/12,23.25,27.57
24/4/12,23.44,27.64
25/4/12,23.78,28.08
26/4/12,23.82,28.11
27/4/12,23.95,28.45
30/4/12,23.84,28.36
1/5/12,23.96,28.52
2/5/12,23.9,28.26
3/5/12,23.69,27.68
4/5/12,23.1,27.11
7/5/12,23.09,27.2
8/5/12,22.62,26.66
9/5/12,22.44,26.51
10/5/12,22.72,26.61
11/5/12,22.51,26.59
14/5/12,22.29,26.06
15/5/12,22.07,25.68
16/5/12,21.58,25.49
17/5/12,21.18,25.27
18/5/12,20.85,25.12
21/5/12,21.37,25.63
22/5/12,21.23,25.51
23/5/12,20.96,25.73
24/5/12,20.85,25.68
25/5/12,20.58,25.54
29/5/12,21.21,25.88
30/5/12,20.65,25.26
31/5/12,20.76,25.32
1/6/12,20.37,24.85
4/6/12,20.57,24.8
5/6/12,20.79,25.18
6/6/12,21.51,25.76
7/6/12,21.52,25.7
8/6/12,21.49,25.51
11/6/12,21.135,25.1
12/6/12,21.49,25.52
13/6/12,21.255,25.44
14/6/12,21.37,25.57
15/6/12,21.67,25.77
18/6/12,21.94,25.86
19/6/12,22.32,26.41
20/6/12,22.19,26.34
21/6/12,20.97,25.12
22/6/12,21.11,25.3
25/6/12,20.72,24.92
26/6/12,21,25.07
27/6/12,21.27,25.24
28/6/12,21.05,25.09
29/6/12,21.85,25.84
2/7/12,22.03,25.945
3/7/12,22.18,26.59
5/7/12,22.14,26.49
6/7/12,21.89,25.96
9/7/12,21.84,25.89
10/7/12,21.54,25.55
11/7/12,21.75,25.69
12/7/12,21.43,25.44
13/7/12,21.81,25.75
16/7/12,21.85,25.76
17/7/12,22.17,25.92
18/7/12,22.31,26
19/7/12,22.69,26.27
20/7/12,22.42,26.025
23/7/12,22,25.75
24/7/12,21.87,25.48
25/7/12,22.14,25.65
26/7/12,22.56,26.13
27/7/12,23.17,26.53
30/7/12,23.19,26.6
31/7/12,23.18,26.29
1/8/12,23.12,26.17
2/8/12,23.07,25.9
3/8/12,23.52,26.4
6/8/12,23.52,26.46
7/8/12,23.62,26.94
8/8/12,23.78,26.85
9/8/12,23.77,27.07
10/8/12,23.76,27.19
13/8/12,23.51,26.99
14/8/12,23.47,27.11
15/8/12,23.41,27.26
16/8/12,23.74,27.65
17/8/12,23.67,27.71
20/8/12,23.84,27.76
21/8/12,24.05,27.8
22/8/12,24.09,27.74
23/8/12,23.79,27.5
24/8/12,23.76,27.63
27/8/12,23.6,27.59
28/8/12,23.68,27.58
29/8/12,23.62,27.55
30/8/12,23.18,27.25
31/8/12,23.47,27.5
4/9/12,23.05,27.53
5/9/12,22.99,27.52
6/9/12,23.55,28.06
7/9/12,23.73,28.54
10/9/12,23.45,28.43
11/9/12,23.81,28.56
12/9/12,23.9,28.58
13/9/12,24.33,29.09
14/9/12,24.49,29.39
17/9/12,24.21,29.17
18/9/12,24.16,29.12
19/9/12,24.33,29.11
20/9/12,24.17,28.98
21/9/12,24.16,28.88
24/9/12,24.03,28.66
25/9/12,23.7,28.42
26/9/12,23.62,28.31
27/9/12,24.06,28.7
28/9/12,23.79,28.49
1/10/12,24.02,28.7
2/10/12,23.99,28.73
3/10/12,23.81,28.53
4/10/12,24.03,28.96
5/10/12,24.01,28.9
8/10/12,24.01,28.83
9/10/12,23.97,28.63
10/10/12,24.01,28.37
11/10/12,24.15,28.52
12/10/12,24.07,28.36
15/10/12,24.31,28.44
16/10/12,24.47,28.7
17/10/12,24.89,29.06
18/10/12,24.82,28.92
19/10/12,24.56,28.57
22/10/12,24.61,28.56
23/10/12,24.26,28.13
24/10/12,24.42,28.02
25/10/12,24.6,28.3
26/10/12,24.49,28.19
31/10/12,24.58,28.49
1/11/12,24.58,28.69
2/11/12,24.2,28.39
5/11/12,24.36,28.32
6/11/12,24.72,28.48
7/11/12,24.5,28.09
8/11/12,24.4,27.82
9/11/12,24.5,27.85
12/11/12,24.53,27.88
13/11/12,24.24,27.71
14/11/12,23.86,27.17
15/11/12,23.78,26.94
16/11/12,23.79,27.1
19/11/12,24.21,27.64
20/11/12,24.1,27.62
21/11/12,24.09,27.78
23/11/12,24.56,28.18
26/11/12,24.49,28.09
27/11/12,24.54,27.88
28/11/12,24.73,28.05
29/11/12,24.88,28.18
30/11/12,24.97,28.11
3/12/12,24.9882,28.05
4/12/12,25.04,28
5/12/12,25.07,28.1
6/12/12,25.18,28.13
7/12/12,25.4,28.15
10/12/12,25.46,28.41
11/12/12,25.62,28.54
12/12/12,25.7,28.76
13/12/12,25.57,28.62
14/12/12,25.6,28.5
17/12/12,25.71,28.62
18/12/12,24.9,28.38
19/12/12,24.83,28.43
20/12/12,24.95,28.48
21/12/12,24.75,28.32
24/12/12,24.65,28.26
26/12/12,24.61,28.21
27/12/12,24.78,28.2
28/12/12,24.69,28
31/12/12,25.14,28.4
2/1/13,25.49,28.87
3/1/13,25.37,28.62
4/1/13,25.48,28.78
7/1/13,25.4,28.72
8/1/13,25.23,28.7
9/1/13,25.39,28.78
10/1/13,25.68,29.03
11/1/13,25.46,29.05
14/1/13,25.53,29.12
15/1/13,25.51,29.18
16/1/13,25.69,29.04
17/1/13,25.82,29.16
18/1/13,25.77,29.19
22/1/13,25.89,29.38
23/1/13,25.92,29.11
24/1/13,25.9,29.08
25/1/13,25.99,28.98
28/1/13,25.94,29
29/1/13,26.21,29.16
30/1/13,26.11,29.06
31/1/13,26.12,28.87
1/2/13,26.32,29.08
4/2/13,26.05,28.92
5/2/13,26.13,29.07
6/2/13,26.12,29.15
7/2/13,25.98,28.98
8/2/13,26.3,28.98
11/2/13,26.21,28.88
12/2/13,26.24,29.01
13/2/13,26.54,28.97
14/2/13,26.76,28.9
15/2/13,26.74,28.63
19/2/13,27.27,28.74
20/2/13,26.85,28.4
21/2/13,26.38,28.22
22/2/13,26.89,28.29
25/2/13,26.6,27.96
26/2/13,26.6,28.05
27/2/13,26.91,28.3
28/2/13,26.88,28.22
1/3/13,26.94,28.3
4/3/13,26.79,28.19
5/3/13,27.22,28.22
6/3/13,27.36,28.29
7/3/13,27.45,28.37
8/3/13,27.43,28.38
11/3/13,27.59,28.52
12/3/13,27.57,28.57
13/3/13,27.36,28.22
14/3/13,27.26,28.53
15/3/13,27.69,28.67
18/3/13,27.31,28.41
19/3/13,26.82,28.27
20/3/13,26.9,28.45
21/3/13,26.76,28.3
22/3/13,27.09,28.38
25/3/13,26.96,28.2
26/3/13,27.07,28.41
27/3/13,27.1,28.38
28/3/13,27.04,28.51
1/4/13,26.93,28.41
2/4/13,27.08,28.46
3/4/13,26.73,27.85
4/4/13,26.74,27.71
5/4/13,26.42,27.54
8/4/13,26.64,27.54
9/4/13,27.12,27.9
10/4/13,27.37,28.09
11/4/13,27.56,28.06
12/4/13,27.36,27.66
15/4/13,26.33,26.53
16/4/13,26.96,26.97
17/4/13,26.68,26.45
18/4/13,26.45,26.53
19/4/13,26.47,26.69
22/4/13,26.65,26.71
23/4/13,27.09,26.72
24/4/13,27.48,27.17
25/4/13,27.56,27.39
26/4/13,27.44,27.25
29/4/13,27.86,27.62
30/4/13,28.1,28.02
1/5/13,27.6199,27.77
2/5/13,27.63,27.86
3/5/13,27.98,28.01
6/5/13,27.74,28.1
7/5/13,27.46,28.22
8/5/13,27.69,28.61
9/5/13,27.34,28.35
10/5/13,27.23,28.32
13/5/13,27.15,28.25
14/5/13,27.18,28.18
15/5/13,26.94,27.94
16/5/13,26.59,27.92
17/5/13,26.53,27.93
20/5/13,26.87,28.24
21/5/13,26.59,28.27
22/5/13,26.07,28.09
23/5/13,25.92,28.02
24/5/13,25.05,28
28/5/13,25.07,28.02
29/5/13,24.97,28.13
30/5/13,25.06,28.29
31/5/13,24.41,27.73
3/6/13,24.95,28.01
4/6/13,24.65,27.79
5/6/13,23.84,27.41
6/6/13,24.03,27.58
7/6/13,23.88,27.66
10/6/13,23.65,27.74
11/6/13,23.28,27.39
12/6/13,23.27,27.09
13/6/13,24,27.63
14/6/13,23.94,27.38
17/6/13,24.32,27.61
18/6/13,24.18,27.72
19/6/13,23.57,27.32
20/6/13,22.51,26.42
21/6/13,22.72,26.315
24/6/13,22.6,25.91
25/6/13,23.01,26.19
26/6/13,23.28,26.3
27/6/13,23.06,26.1
28/6/13,22.58,26.15
1/7/13,22.46,26.22
2/7/13,22.56,26.18
3/7/13,22.2,26.11
5/7/13,22.38,26.04
8/7/13,22.61,26.26
9/7/13,23.08,26.57
10/7/13,22.88,26.59
11/7/13,23.5,27.37
12/7/13,23.19,27.24
15/7/13,23.33,27.37
16/7/13,23.65,27.45
17/7/13,23.68,27.48
18/7/13,23.6,27.77
19/7/13,23.55,27.91
22/7/13,23.73,28.12
23/7/13,23.82,28.18
24/7/13,23.65,27.94
25/7/13,23.87,28.11
26/7/13,24.05,28.04
29/7/13,23.86,28.15
30/7/13,23.51,27.77
31/7/13,23.26,27.63
1/8/13,23.27,27.7
2/8/13,23.41,27.6
5/8/13,23.35,27.51
6/8/13,23.42,27.32
7/8/13,23.02,27.06
8/8/13,23.68,27.64
9/8/13,23.83,27.69
12/8/13,23.98,27.77
13/8/13,24.17,27.81
14/8/13,24.17,27.85
15/8/13,24.01,28.03
16/8/13,24.08,28.03
19/8/13,23.87,27.66
20/8/13,23.74,27.71
21/8/13,23.46,27.29
22/8/13,23.63,27.43
23/8/13,23.93,27.68
26/8/13,23.78,27.67
27/8/13,23.54,27.36
28/8/13,23.46,27.41
29/8/13,23.42,27.45
30/8/13,23.48,27.39
3/9/13,24.17,27.58
4/9/13,24.51,27.72
5/9/13,24.37,27.91
6/9/13,24.52,28.09
9/9/13,24.89,28.25
10/9/13,25.29,28.26
11/9/13,25.37,28.4
12/9/13,25.12,28.07
13/9/13,25.11,28.07
16/9/13,25.3,28.35
17/9/13,25.54,28.45
18/9/13,26.21,28.86
19/9/13,25.9,28.701
20/9/13,25.6,28.385
23/9/13,25.68,28.38
24/9/13,25.54,28.39
25/9/13,25.6,28.35
26/9/13,25.8,28.4
27/9/13,25.62,28.431
30/9/13,25.27,28.31
1/10/13,25.48,28.43
2/10/13,25.47,28.38
3/10/13,25.42,28.17
4/10/13,25.64,28.31
7/10/13,25.19,28.3
8/10/13,25.03,27.96
9/10/13,25.13,27.99
10/10/13,25.58,28.4
11/10/13,25.92,28.51
14/10/13,25.97,28.57
15/10/13,25.88,28.49
16/10/13,26.21,28.671
17/10/13,26.59,28.94
18/10/13,26.9,29.18
21/10/13,26.87,29.24
22/10/13,27.245,29.435
23/10/13,26.84,29.19
24/10/13,26.93,29.24
25/10/13,27.05,29.32
28/10/13,27.14,29.32
29/10/13,26.84,29.38
30/10/13,26.69,29.38
31/10/13,26.67,29.355
1/11/13,26.65,29.27
4/11/13,26.76,29.36
5/11/13,26.79,29.24
6/11/13,27.01,29.44
7/11/13,26.65,29.14
8/11/13,26.75,29.32
11/11/13,26.5,29.28
12/11/13,26.18,29.16
13/11/13,26.03,29.36
14/11/13,26.13,29.48
15/11/13,26.48,29.61
18/11/13,26.33,29.63
19/11/13,26.3,29.47
20/11/13,25.92,29.51
21/11/13,25.74,29.44
22/11/13,25.73,29.45
25/11/13,25.71,29.35
26/11/13,25.58,29.13
27/11/13,25.48,28.98
29/11/13,25.36,29.09
2/12/13,25.07,28.98
3/12/13,25.01,28.7
4/12/13,24.99,28.59
5/12/13,24.67,28.48
6/12/13,24.84,28.61
9/12/13,24.5,28.76
10/12/13,24.49,28.85
11/12/13,24.12,28.42
12/12/13,23.54,28.29
13/12/13,23.81,28.39
16/12/13,23.99,28.6
17/12/13,23.73,28.519
18/12/13,23.25,28.29
19/12/13,23.62,28.49
20/12/13,24,28.58
23/12/13,24.29,28.78
24/12/13,24.37,28.92
26/12/13,24.33,29.07
27/12/13,24.22,28.86
30/12/13,24.29,29.02
31/12/13,24.37,29.16
2/1/14,24.18,28.96
3/1/14,24.42,28.94
6/1/14,24.34,28.75
7/1/14,24.3,28.64
8/1/14,24.15,28.62
9/1/14,24.11,28.54
10/1/14,24.35,28.67
13/1/14,24.23,28.64
14/1/14,23.91,28.45
15/1/14,23.9,28.58
16/1/14,23.85,28.74
17/1/14,23.71,28.73
21/1/14,23.87,28.89
22/1/14,23.89,28.7
23/1/14,23.42,28.6
24/1/14,22.91,28.15
27/1/14,23.01,27.74
28/1/14,23.18,27.9
29/1/14,22.94,27.74
30/1/14,23.29,27.95
31/1/14,23.04,27.93
3/2/14,22.69,27.57
4/2/14,23.24,27.65
5/2/14,23.06,27.76
6/2/14,23.64,28.14
7/2/14,23.81,28.35
10/2/14,23.8,28.35
11/2/14,24.36,28.61
12/2/14,24.53,28.73
13/2/14,24.47,28.94
14/2/14,24.87,29.06
18/2/14,24.98,29.16
19/2/14,24.87,28.94
20/2/14,25.13,29.06
21/2/14,25.01,28.99
24/2/14,25.31,29.14
25/2/14,25.09,29.11
26/2/14,25.03,28.98
27/2/14,25.04,29.02
28/2/14,24.95,29.18
3/3/14,24.76,29.11
4/3/14,25.12,29.23
5/3/14,25.21,29.39
6/3/14,25.52,29.49
7/3/14,25.49,29.28
10/3/14,25.17,29.27
11/3/14,24.92,29.2
12/3/14,24.92,29.34
13/3/14,24.91,29.28
14/3/14,24.71,29.13
17/3/14,25.06,29.25
18/3/14,25.24,29.33
19/3/14,24.84,28.99
20/3/14,24.79,29.03
21/3/14,24.86,29.09
24/3/14,25.03,29.03
25/3/14,25.34,29.17
26/3/14,25.46,29.13
27/3/14,25.56,29.23
28/3/14,25.68,29.36
31/3/14,25.87,29.55
1/4/14,25.9,29.7
2/4/14,25.93,29.84
3/4/14,25.81,29.68
4/4/14,25.89,29.84
7/4/14,25.9,29.56
8/4/14,26.36,29.93
9/4/14,26.8,30.2
10/4/14,26.4,29.75
11/4/14,26.29,29.5
14/4/14,26.24,29.65
15/4/14,26.06,29.66
16/4/14,26.37,29.83
17/4/14,26.45,29.94
21/4/14,26.44,29.93
22/4/14,26.7,30.02
23/4/14,26.59,29.98
24/4/14,26.54,30
25/4/14,26.47,29.96
28/4/14,26.67,30
29/4/14,26.48,30.38
30/4/14,26.45,30.54
1/5/14,26.21,30.49
2/5/14,26.27,30.63
5/5/14,26.31,30.55
6/5/14,26.43,30.57
7/5/14,26.41,30.62
8/5/14,26.58,30.6
9/5/14,26.54,30.39
12/5/14,26.62,30.64
13/5/14,26.64,30.66
14/5/14,26.72,30.71
15/5/14,26.67,30.55
16/5/14,26.73,30.46
19/5/14,26.38,30.52
20/5/14,25.97,30.34
21/5/14,26.19,30.6
22/5/14,26.35,30.75
23/5/14,26.45,30.86
27/5/14,26.6,30.74
28/5/14,26.5,30.62
29/5/14,26.74,30.65
30/5/14,26.56,30.7
2/6/14,26.54,30.67
3/6/14,26.39,30.75
4/6/14,26.25,30.77
5/6/14,26.46,30.8
6/6/14,26.56,30.9
9/6/14,26.73,31.05
10/6/14,26.73,31.11
11/6/14,26.57,31.23
12/6/14,26.46,31.3
13/6/14,26.46,31.52
16/6/14,26.45,31.65
17/6/14,26.19,31.57
18/6/14,26.4,31.72
19/6/14,26.68,31.84
20/6/14,26.59,32.04
23/6/14,26.73,32.12
24/6/14,26.36,31.79
25/6/14,26.07,31.63
26/6/14,26.43,31.86
27/6/14,26.43,32.12
30/6/14,26.13,32.21
1/7/14,26.25,32.37
2/7/14,26.5,32.39
3/7/14,26.54,32.54
7/7/14,26.54,32.28
8/7/14,26.44,32.28
9/7/14,26.42,32.47
10/7/14,26.27,32.29
11/7/14,26.55,32.07
14/7/14,26.67,32.22
15/7/14,26.54,32
16/7/14,26.62,32.29
17/7/14,26.43,32.21
18/7/14,26.73,32.45
21/7/14,26.62,32.42
22/7/14,26.81,32.58
23/7/14,27.1,32.74
24/7/14,27.02,32.72
25/7/14,26.85,32.65
28/7/14,26.95,32.68
29/7/14,26.91,32.51
30/7/14,26.93,32.61
31/7/14,26.59,32.16
1/8/14,26.42,31.85
4/8/14,26.53,32.04
5/8/14,26.24,31.65
6/8/14,26.38,31.82
7/8/14,26.08,31.6
8/8/14,26.02,31.61
11/8/14,26.02,31.91
12/8/14,26.24,31.92
13/8/14,26.42,31.92
14/8/14,26.63,32.03
15/8/14,26.67,32.12
18/8/14,26.85,32.2
19/8/14,26.88,32.34
20/8/14,27.07,32.42
21/8/14,27.05,32.5
22/8/14,26.94,32.44
25/8/14,26.99,32.47
26/8/14,27.02,32.61
27/8/14,27.12,32.85
28/8/14,27.14,32.83
29/8/14,27.16,32.86
2/9/14,27.16,32.73
3/9/14,27.34,32.95
4/9/14,27.25,32.8
5/9/14,27.2,32.84
8/9/14,26.81,32.42
9/9/14,26.65,32.49
10/9/14,26.62,32.44
11/9/14,26.19,32.3
12/9/14,25.91,32.18
15/9/14,25.66,32.21
16/9/14,25.85,32.52
17/9/14,25.17,32.32
18/9/14,25.35,32.47
19/9/14,25.1,32.08
22/9/14,24.7,31.61
23/9/14,24.72,31.46
24/9/14,24.95,31.43
25/9/14,24.28,30.79
26/9/14,24.2,30.99
29/9/14,23.8,30.86
30/9/14,23.94,30.69
1/10/14,23.98,30.45
2/10/14,24.08,30.38
3/10/14,24.02,30.27
6/10/14,24.14,30.47
7/10/14,23.84,29.99
8/10/14,24.31,30.35
9/10/14,23.87,29.72
10/10/14,23.18,29.16
13/10/14,23.35,28.84
14/10/14,23.51,28.55
15/10/14,23.85,28.3
16/10/14,23.97,28.73
17/10/14,24.3,29.03
20/10/14,24.45,29.19
21/10/14,24.61,29.8
22/10/14,24.52,29.23
23/10/14,24.65,29.64
24/10/14,24.9,29.82
27/10/14,24.93,29.63
28/10/14,25.36,30.12
29/10/14,24.92,29.88
30/10/14,25.3,29.76
31/10/14,25.43,29.92
3/11/14,24.93,29.46
4/11/14,25.07,29.04
5/11/14,24.79,29.43
6/11/14,24.69,29.34
7/11/14,24.98,29.85
10/11/14,24.98,29.8
11/11/14,25.06,30.01
12/11/14,24.94,30.25
13/11/14,24.78,30
14/11/14,24.98,30.32
17/11/14,24.7,30.33
18/11/14,24.72,30.52
19/11/14,24.09,30.44
20/11/14,23.99,30.73
21/11/14,24.25,31.03
24/11/14,24.09,30.7
25/11/14,23.89,30.91
26/11/14,24.15,30.94
28/11/14,23.63,29.94
1/12/14,23.28,29.845
2/12/14,23.38,29.71
3/12/14,23.475,30.03
4/12/14,23.54,29.46
5/12/14,23.33,29.28
8/12/14,23.18,28.5
9/12/14,22.92,28.66
10/12/14,22.6,27.9
11/12/14,22.57,27.86
12/12/14,22.23,27.4
15/12/14,22,27.16
16/12/14,22.09,27.55
17/12/14,21.46,27.86
18/12/14,21.86,28.24
19/12/14,22.14,28.56
22/12/14,22.36,28.35
23/12/14,22.12,28.71
24/12/14,22.13,28.76
26/12/14,22.19,28.88
29/12/14,22.53,28.86
30/12/14,22.4,28.86
31/12/14,22.17,28.86
2/1/15,22.1,28.69
5/1/15,21.89,27.92
6/1/15,21.8,27.51
7/1/15,22,27.54
8/1/15,22.29,27.88
9/1/15,22.5,27.64
12/1/15,22.24,27.2
13/1/15,22.24,27.08
14/1/15,21.94,26.91
15/1/15,22.07,26.76
16/1/15,22.32,27.26
20/1/15,22.03,26.94
21/1/15,22.23,27.02
22/1/15,22.22,27.25
23/1/15,22,27.26
26/1/15,22.08,27.19
27/1/15,22.12,27.39
28/1/15,22,26.7
29/1/15,22.05,26.58
30/1/15,21.92,26.44
2/2/15,22.37,27.14
3/2/15,22.85,27.87
4/2/15,22.73,27.35
5/2/15,23.14,27.89
6/2/15,22.99,27.61
9/2/15,22.96,27.8
10/2/15,22.95,27.6
11/2/15,22.61,27.52
12/2/15,22.75,27.98
13/2/15,23.23,28.08
17/2/15,23.38,28.37
18/2/15,23.49,28.06
19/2/15,23.39,27.83
20/2/15,23.52,27.71
23/2/15,23.46,27.71
24/2/15,23.68,27.87
25/2/15,23.84,28.15
26/2/15,23.52,27.96
27/2/15,23.68,28.02
2/3/15,23.7,28.03
3/3/15,23.71,27.87
4/3/15,23.58,27.89
5/3/15,23.46,27.75
6/3/15,23.05,27.27
9/3/15,23.05,27.16
10/3/15,22.52,26.59
11/3/15,22.46,26.6
12/3/15,23.11,26.79
13/3/15,22.66,26.56
16/3/15,22.86,26.9
17/3/15,22.79,26.93
18/3/15,23.47,27.51
19/3/15,23.24,26.85
20/3/15,23.93,27.45
23/3/15,24.1,27.59
24/3/15,24.11,27.81
25/3/15,23.84,27.53
26/3/15,23.61,27.47
27/3/15,23.38,27.07
30/3/15,23.13,27.09
31/3/15,22.86,27.18
1/4/15,22.9,27.3
2/4/15,22.98,27.63
6/4/15,23.19,27.9
7/4/15,23.31,28
8/4/15,23.56,28
9/4/15,23.5,28.12
10/4/15,23.55,28.25
13/4/15,23.15,28.21
14/4/15,23.28,28.47
15/4/15,23.35,29.03
16/4/15,23.72,29.16
17/4/15,23.28,29.01
20/4/15,23.24,29.12
21/4/15,23.17,28.88
22/4/15,23.23,28.94
23/4/15,23.4,29.32
24/4/15,23.93,29.28
27/4/15,24.05,29.29
28/4/15,24.39,29.5
29/4/15,23.81,29.54
30/4/15,23.32,29.12
1/5/15,23.45,29.14
4/5/15,23.41,29.33
5/5/15,23.38,29
6/5/15,22.98,28.78
7/5/15,22.69,28.67
8/5/15,22.94,28.93
11/5/15,22.52,28.86
12/5/15,23.06,28.84
13/5/15,23.54,28.81
14/5/15,23.71,28.85
15/5/15,23.7,28.93
18/5/15,23.23,28.71
19/5/15,22.79,28.48
20/5/15,22.69,28.46
21/5/15,22.93,28.69
22/5/15,22.73,28.48
26/5/15,22.76,27.9
27/5/15,22.77,27.94
28/5/15,22.46,27.99
29/5/15,22.54,27.78
1/6/15,22.37,27.69
2/6/15,22.46,27.98
3/6/15,22.29,28.01
4/6/15,21.61,27.65
5/6/15,21.49,27.7
8/6/15,21.58,27.35
9/6/15,21.49,27.62
10/6/15,21.97,27.93
11/6/15,22.12,27.87
12/6/15,21.91,27.56
15/6/15,22.02,27.59
16/6/15,22.18,27.62
17/6/15,22.23,27.73
18/6/15,22.31,27.81
19/6/15,22.34,27.47
22/6/15,22.38,27.67
23/6/15,22.6,27.85
24/6/15,22.5,27.78
25/6/15,21.85,27.6
26/6/15,21.44,27.53
29/6/15,20.9,26.75
30/6/15,21.03,26.67
1/7/15,21.26,26.56
2/7/15,21.39,26.7
6/7/15,20.79,26.41
7/7/15,20.84,26.35
8/7/15,20.25,25.9
9/7/15,20.44,25.77
10/7/15,20.7,26.04
13/7/15,20.71,26.16
14/7/15,20.95,26.26
15/7/15,20.9,26.04
16/7/15,21.15,26.07
17/7/15,21.04,25.9
20/7/15,21.18,25.54
21/7/15,21.23,25.5
22/7/15,20.81,25.26
23/7/15,20.56,25.13
24/7/15,20.22,25.03
27/7/15,20.27,24.75
28/7/15,20.73,25.13
29/7/15,20.79,25.5
30/7/15,20.85,25.53
31/7/15,20.92,25.55
3/8/15,20.74,25.24
4/8/15,21.09,25.4
5/8/15,21.04,25.41
6/8/15,20.52,25.39
7/8/15,20.34,25.16
10/8/15,20.65,25.68
11/8/15,19.94,25.36
12/8/15,19.95,25.47
13/8/15,19.89,25.15
14/8/15,19.86,25.16
17/8/15,19.93,25.12
18/8/15,19.7,25.04
19/8/15,19.85,24.66
20/8/15,19.28,24.15
21/8/15,18.82,23.51
24/8/15,17.34,22.65
25/8/15,18.37,22.72
26/8/15,18.88,23.2
27/8/15,19.25,24.04
28/8/15,19.15,24.2
31/8/15,18.65,24.27
1/9/15,17.79,23.5
2/9/15,18.19,23.55
3/9/15,17.94,23.74
4/9/15,17.54,23.37
8/9/15,18.34,23.77
9/9/15,18.28,23.56
10/9/15,18.36,23.67
11/9/15,18.33,23.44
14/9/15,18.44,23.25
15/9/15,18.42,23.44
16/9/15,18.9,24.16
17/9/15,18.71,24.15
18/9/15,18.61,23.84
21/9/15,18.45,23.96
22/9/15,18.2,23.37
23/9/15,17.83,23.05
24/9/15,18.1,23.04
25/9/15,17.99,23.08
28/9/15,17.71,22.32
29/9/15,17.49,22.33
30/9/15,17.92,23
1/10/15,18.07,23
2/10/15,18.25,23.35
5/10/15,18.77,23.84
6/10/15,18.88,24.12
7/10/15,19.18,24.49
8/10/15,19.46,24.78
9/10/15,19.64,24.92
12/10/15,19.57,24.7
13/10/15,19.15,24.49
14/10/15,19.26,24.78
15/10/15,19.62,24.83
16/10/15,19.57,24.75
19/10/15,19.4,24.37
20/10/15,19.28,24.6
21/10/15,19.14,24.03
22/10/15,19.53,24.43
23/10/15,19.79,24.43
26/10/15,19.73,24.16
27/10/15,19.55,23.87
28/10/15,19.39,24.29
29/10/15,18.83,24.21
30/10/15,18.92,23.8
2/11/15,18.87,23.97
3/11/15,19.21,24.28
4/11/15,18.99,23.98
5/11/15,18.81,23.75
6/11/15,18.64,23.52
9/11/15,18.16,23.41
10/11/15,18.14,23.32
11/11/15,18.34,23.21
12/11/15,18.35,22.78
13/11/15,18.11,22.58
16/11/15,18.2608,23.03
17/11/15,18.46,23.01
18/11/15,18.73,23.23
19/11/15,19.2,23.41
20/11/15,19.35,23.24
23/11/15,19.23,23.07
24/11/15,19.35,23.27
25/11/15,19.16,23.24
27/11/15,19.02,23.11
30/11/15,19.09,23.27
1/12/15,19.63,23.6
2/12/15,19.43,23.28
3/12/15,19.3,23.06
4/12/15,19.39,23.1
7/12/15,19.01,22.31
8/12/15,18.63,21.97
9/12/15,18.6,22.08
10/12/15,18.61,22.08
11/12/15,18.09,21.57
14/12/15,18.1,21.43
15/12/15,18.13,21.83
16/12/15,18.65,22.13
17/12/15,18.31,21.63
18/12/15,18.53,21.63
21/12/15,18.24,21.33
22/12/15,18.38,21.45
23/12/15,18.72,21.92
24/12/15,18.73,21.98
28/12/15,18.69,21.65
29/12/15,19.2,21.9
30/12/15,19.16,21.66
31/12/15,18.96,21.5
4/1/16,18.7,21.19
5/1/16,18.42,21.09
6/1/16,17.89,20.63
7/1/16,17.13,20.14
8/1/16,16.88,20.05
11/1/16,17.02,19.78
12/1/16,17.12,19.82
13/1/16,16.82,19.38
14/1/16,17.17,19.63
15/1/16,16.25,18.97
19/1/16,16.64,18.89
20/1/16,16.58,18.65
21/1/16,16.9,19.25
22/1/16,17.21,20.01
25/1/16,16.94,19.48
26/1/16,17.28,20.03
27/1/16,17.09,20.06
28/1/16,17.3992,20.54
29/1/16,17.64,20.91
1/2/16,17.67,20.81
2/2/16,17.11,20.3
3/2/16,17.35,20.9
4/2/16,17.65,21.26
5/2/16,17.19,20.98
8/2/16,17.17,20.58
9/2/16,16.84,20.2
10/2/16,16.78,19.99
11/2/16,16.72,19.8
12/2/16,16.94,20.41
16/2/16,17.32,20.72
17/2/16,17.6,21.55
18/2/16,17.66,21.54
19/2/16,17.62,21.3
22/2/16,18.11,21.45
23/2/16,17.77,21.18
24/2/16,17.58,21.23
25/2/16,17.6,21.49
26/2/16,17.3,21.63
29/2/16,17.28,21.63
1/3/16,17.84,22.11
2/3/16,18.36,22.15
3/3/16,18.72,22.39
4/3/16,19.05,22.62
7/3/16,19.32,23.04
8/3/16,18.96,22.68
9/3/16,19.41,23.1
10/3/16,19.27,22.92
11/3/16,19.77,23.39
14/3/16,19.51,23.27
15/3/16,19.07,22.99
16/3/16,19.51,23.49
17/3/16,19.94,23.95
18/3/16,19.83,23.71
21/3/16,19.72,23.71
22/3/16,19.69,23.7
23/3/16,19.27,23.2
24/3/16,19.23,23.09
28/3/16,19.29,23.23
29/3/16,19.24,23.47
30/3/16,19.33,23.8
31/3/16,19.32,23.71
1/4/16,19.2,23.61
4/4/16,18.96,23.32
5/4/16,18.4,23.08
6/4/16,18.8,23.28
7/4/16,18.41,23.02
8/4/16,18.5992,23.5
11/4/16,18.61,23.72
12/4/16,19.19,24.28
13/4/16,19.49,24.38
14/4/16,19.69,24.32
15/4/16,19.88,24.24
18/4/16,20.13,24.45
19/4/16,20.44,24.98
20/4/16,20.46,25.12
21/4/16,20.33,24.93
22/4/16,20.26,25.06
25/4/16,20.15,24.89
26/4/16,20.3,25.06
27/4/16,19.81,25.18
28/4/16,19.87,25.26
29/4/16,19.93,25.4
2/5/16,20.08,25.25
3/5/16,19.83,24.63
4/5/16,19.52,24.16
5/5/16,19.51,24.15
6/5/16,19.47,24.18
9/5/16,19.37,23.8
10/5/16,19.8,24.24
11/5/16,19.73,24.34
12/5/16,19.68,24.41
13/5/16,19.4,24.14
16/5/16,19.71,24.5
17/5/16,19.68,24.55
18/5/16,19.43,24.2
19/5/16,19.37,24.02
20/5/16,19.45,24.16
23/5/16,19.32,24.12
24/5/16,19.37,24.16
25/5/16,19.49,24.61
26/5/16,19.56,24.7285
27/5/16,19.58,24.73
31/5/16,19.45,24.48
1/6/16,19.42,24.54
2/6/16,19.27,24.61
3/6/16,19.64,25.05
6/6/16,19.86,25.39
7/6/16,20.06,25.65
8/6/16,20.19,25.67
9/6/16,19.93,25.48
10/6/16,19.43,25.05
13/6/16,19.25,24.9
14/6/16,19.08,24.58
15/6/16,19.09,24.5
16/6/16,18.95,24.38
17/6/16,19.11,24.58
20/6/16,19.59,24.92
21/6/16,19.73,24.94
22/6/16,19.46,24.65
23/6/16,20,25.05
24/6/16,18.92,24.14
27/6/16,18.36,23.62
28/6/16,18.88,23.98
29/6/16,19.12,24.37
30/6/16,19.45,24.51
1/7/16,19.54,24.83
5/7/16,19.15,24.58
6/7/16,19.38,24.73
7/7/16,19.24,24.49
8/7/16,19.71,24.64
11/7/16,19.91,24.66
12/7/16,20.27,25.07
13/7/16,20.24,25.15
14/7/16,20.45,25.41
15/7/16,20.38,25.28
18/7/16,20.48,25.38
19/7/16,20.21,25.2
20/7/16,20.32,25.2
21/7/16,20.34,25.14
22/7/16,20.32,25.11
25/7/16,20.38,24.79
26/7/16,20.55,24.96
27/7/16,20.54,24.95
28/7/16,20.61,24.98
29/7/16,20.89,25.24
1/8/16,20.66,24.93
2/8/16,20.64,24.9
3/8/16,20.56,25.1
4/8/16,20.66,25.13
5/8/16,20.81,25.11
8/8/16,20.92,25.33
9/8/16,21.03,25.48
10/8/16,21.04,25.53
11/8/16,21.1,25.82
12/8/16,20.86,25.73
15/8/16,21,25.86
16/8/16,20.99,25.89
17/8/16,20.99,25.86
18/8/16,21,26.04
19/8/16,20.81,25.87
22/8/16,20.83,25.79
23/8/16,20.96,25.94
24/8/16,20.96,25.73
25/8/16,20.95,25.69
26/8/16,20.67,25.6
29/8/16,20.65,25.65
30/8/16,20.47,25.53
31/8/16,20.22,25.31
1/9/16,20.33,25.49
2/9/16,20.34,25.86
6/9/16,20.7,26.17
7/9/16,20.65,26.07
8/9/16,20.42,26.02
9/9/16,19.77,25.35
12/9/16,19.96,25.44
13/9/16,19.28,24.77
14/9/16,19.44,24.75
15/9/16,19.81,25.09
16/9/16,19.79,24.91
19/9/16,19.87,25
20/9/16,19.99,25.02
21/9/16,20.44,25.54
22/9/16,20.57,25.77
23/9/16,20.54,25.43
26/9/16,20.52,25.2
27/9/16,20.74,25.18
28/9/16,20.98,25.68
29/9/16,20.74,25.61
30/9/16,20.9,25.69
3/10/16,20.94,25.64
4/10/16,20.78,25.23
5/10/16,20.9,25.45
6/10/16,20.91,25.35
7/10/16,20.83,25.14
10/10/16,20.99,25.41
11/10/16,20.59,25.22
12/10/16,20.73,25.27
13/10/16,20.67,25.38
14/10/16,20.7,25.42
17/10/16,20.64,25.49
18/10/16,20.9,25.74
19/10/16,21.06,25.92
20/10/16,20.85,25.74
21/10/16,20.73,25.7
24/10/16,20.69,25.58
25/10/16,20.86,25.56
26/10/16,20.61,25.47
27/10/16,20.26,25.51
28/10/16,20.16,25.45
31/10/16,20.28,25.35
1/11/16,20.2,25.38
2/11/16,19.99,25.1
3/11/16,20.06,25.07
4/11/16,19.9,24.93
7/11/16,20.48,25.25
8/11/16,20.68,25.41
9/11/16,20.53,25.45
10/11/16,20.49,25.3
11/11/16,20.43,24.85
14/11/16,20.48,24.89
15/11/16,20.56,25.37
16/11/16,20.16,25.32
17/11/16,20.2,25.42
18/11/16,20.03,25.46
21/11/16,20.2,25.98
22/11/16,20.42,25.98
23/11/16,20.61,25.93
25/11/16,20.83,25.88
28/11/16,20.75,25.9
29/11/16,20.78,25.85
30/11/16,20.44,26.01
1/12/16,20.66,26.11
2/12/16,20.69,26.23
5/12/16,20.73,26.32
6/12/16,20.75,26.36
7/12/16,21.04,26.65
8/12/16,21.1,26.86
9/12/16,21.15,26.94
12/12/16,21.2,27
13/12/16,21.32,27.17
14/12/16,20.92,26.58
15/12/16,20.78,26.53
16/12/16,20.57,26.59
19/12/16,20.53,26.44
20/12/16,20.73,26.58
21/12/16,20.18,26.3
22/12/16,20.2,26.21
23/12/16,20.05,26.07
27/12/16,20.14,26.07
28/12/16,20.22,26.02
29/12/16,20.38,26.17
30/12/16,20.23,26.15
3/1/17,20.59,26.3
4/1/17,20.85,26.74
5/1/17,21.05,26.94
6/1/17,20.94,26.89
9/1/17,21.17,26.7
10/1/17,21.21,26.74
11/1/17,21.43,26.99
12/1/17,21.52,27
13/1/17,21.43,27.13
17/1/17,21.38,27.16
18/1/17,21.2,26.71
19/1/17,21.29,26.62
20/1/17,21.29,26.83
23/1/17,21.23,26.82
24/1/17,21.39,27.3
25/1/17,21.46,27.54
26/1/17,21.34,27.47
27/1/17,21.4,27.26
30/1/17,21.23,27.01
31/1/17,21.24,27.18
1/2/17,21.35,27.1
2/2/17,21.57,27.17
3/2/17,21.59,27.27
6/2/17,21.39,27.08
7/2/17,21.34,27
8/2/17,21.45,27.1
9/2/17,21.56,27.29
10/2/17,21.85,27.59
13/2/17,21.96,27.68
14/2/17,21.98,27.77
15/2/17,22.28,27.83
16/2/17,22.28,27.84
17/2/17,22.24,27.78
21/2/17,22.33,27.83
22/2/17,22.37,27.68
23/2/17,22.37,27.6
24/2/17,22.08,27.22
27/2/17,22.06,27.17
28/2/17,21.95,26.69
1/3/17,22.2,26.88
2/3/17,21.95,26.68
3/3/17,21.98,26.84
6/3/17,21.92,26.88
7/3/17,22.01,26.83
8/3/17,21.86,26.5
9/3/17,21.86,26.5
10/3/17,22.05,26.53
13/3/17,22.12,26.66
14/3/17,21.97,26.32
15/3/17,22.65,26.85
16/3/17,22.45,26.87
17/3/17,22.49,26.71
20/3/17,22.5421,26.6008
21/3/17,22.22,26.31
22/3/17,22.1,26.47
23/3/17,22.02,26.57
24/3/17,22.17,26.53
27/3/17,22.17,26.62
28/3/17,22.49,26.83
29/3/17,22.75,27.04
30/3/17,22.78,26.88
31/3/17,22.61,26.88
3/4/17,22.54,26.78
4/4/17,22.48,26.88
5/4/17,22.45,26.77
6/4/17,22.42,26.91
7/4/17,22.31,26.87
10/4/17,22.39,27.1
11/4/17,22.55,27.07
12/4/17,22.49,27.05
13/4/17,22.43,26.69
17/4/17,22.56,27.03
18/4/17,22.26,26.8
19/4/17,22.04,26.49
20/4/17,22.27,26.65
21/4/17,22.33,26.57
24/4/17,22.57,26.81
25/4/17,22.62,26.78
26/4/17,22.41,26.49
27/4/17,22.4,26.21
28/4/17,22.46,26.26
1/5/17,22.68,26.22
2/5/17,22.66,26.22
3/5/17,22.16,26.13
4/5/17,22,25.81
5/5/17,22.1,26.29
8/5/17,21.96,26.32
9/5/17,21.69,26.13
10/5/17,21.88,26.37
11/5/17,21.85,26.15
12/5/17,21.75,26.11
15/5/17,21.9,26.37
16/5/17,22.01,26.34
17/5/17,21.45,25.8
18/5/17,21.5,25.81
19/5/17,21.69,26.28
22/5/17,21.85,26.43
23/5/17,21.85,26.39
24/5/17,21.88,26.41
25/5/17,21.81,26.31
26/5/17,21.67,26.38
30/5/17,21.56,26.29
31/5/17,21.49,26.16
1/6/17,21.45,26.35
2/6/17,21.72,26.34
5/6/17,21.73,26.35
6/6/17,21.49,26.49
7/6/17,21.49,26.18
8/6/17,21.59,26.3
9/6/17,21.57,26.51
12/6/17,21.55,26.58
13/6/17,22.02,26.75
14/6/17,22.23,26.42
15/6/17,22.06,26.32
16/6/17,22.16,26.55
19/6/17,22.24,26.63
20/6/17,21.37,26.1
21/6/17,21.16,25.98
22/6/17,21.21,26.26
23/6/17,21.36,26.36
26/6/17,21.38,26.43
27/6/17,21.31,26.54
28/6/17,21.76,26.97
29/6/17,21.8,26.79
30/6/17,21.68,26.76
3/7/17,21.58,26.94
5/7/17,21.68,26.76
6/7/17,21.48,26.65
7/7/17,21.48,26.76
10/7/17,21.53,26.9
11/7/17,21.58,26.88
12/7/17,21.67,27.29
13/7/17,21.9,27.33
14/7/17,22.26,27.55
17/7/17,22.18,27.43
18/7/17,22.25,27.54
19/7/17,22.65,27.79
20/7/17,22.71,27.86
21/7/17,22.39,27.8
24/7/17,22.4,27.82
25/7/17,22.64,27.94
26/7/17,22.88,27.98
27/7/17,22.76,27.77
28/7/17,22.62,27.9
31/7/17,22.7,27.9
1/8/17,22.78,27.83
2/8/17,22.71,27.9
3/8/17,22.53,27.77
4/8/17,22.55,27.77
7/8/17,22.6,27.74
8/8/17,22.5,27.7
9/8/17,22.44,27.55
10/8/17,22.18,27.17
11/8/17,22.24,27.21
14/8/17,22.34,27.3
15/8/17,22.28,27.21
16/8/17,22.79,27.41
17/8/17,22.5,27.22
18/8/17,22.61,27.27
21/8/17,22.59,27.31
22/8/17,22.73,27.4
23/8/17,22.62,27.58
24/8/17,22.58,27.64
25/8/17,22.7,27.72
28/8/17,22.65,27.62
29/8/17,22.49,27.65
30/8/17,22.38,27.53
31/8/17,22.65,27.87
1/9/17,22.82,28.11
5/9/17,22.68,27.89
6/9/17,22.76,28.21
7/9/17,22.89,28.38
8/9/17,22.81,28.28
11/9/17,23.01,28.48
12/9/17,23.16,28.5
13/9/17,22.97,28.49
14/9/17,22.97,28.6
15/9/17,22.9,28.59
18/9/17,22.83,28.49
19/9/17,22.98,28.64
20/9/17,22.93,28.69
21/9/17,22.55,28.83
22/9/17,22.71,28.81
25/9/17,22.64,28.84
26/9/17,22.47,28.81
27/9/17,22.39,28.83
28/9/17,22.35,28.94
29/9/17,22.44,28.94
2/10/17,22.54,28.96
3/10/17,22.44,29.08
4/10/17,22.32,29.11
5/10/17,22.22,28.99
6/10/17,22.22,28.95
9/10/17,22.23,28.96
10/10/17,22.41,29.11
11/10/17,22.47,29.28
12/10/17,22.63,29.18
13/10/17,22.96,29.26
16/10/17,22.99,29.17
17/10/17,23.07,29.16
18/10/17,23.07,29.28
19/10/17,23.11,29.33
20/10/17,23.11,29.1
23/10/17,22.97,29.03
24/10/17,23,29.04
25/10/17,22.69,28.72
26/10/17,22.69,28.65
27/10/17,22.8,28.83
30/10/17,22.76,28.92
31/10/17,22.7,28.79
1/11/17,22.81,28.89
2/11/17,22.98,28.97
3/11/17,22.85,29.11
6/11/17,22.94,29.33
7/11/17,22.9,29.27
8/11/17,23.12,29.35
9/11/17,23.17,29.41
10/11/17,23.17,29.32
13/11/17,23.01,29.2
14/11/17,22.75,29.01
15/11/17,22.68,28.9
16/11/17,22.83,29.02
17/11/17,22.63,29.05
20/11/17,22.68,29.04
21/11/17,22.82,29.18
22/11/17,22.94,29.39
24/11/17,22.93,29.41
27/11/17,22.83,29.16
28/11/17,22.96,29.07
29/11/17,22.83,28.86
30/11/17,22.77,28.94
1/12/17,22.85,29.37
4/12/17,22.7,29.21
5/12/17,22.66,29.13
6/12/17,22.6,28.91
7/12/17,22.59,29.04
8/12/17,22.66,29.14
11/12/17,22.71,29.16
12/12/17,22.83,29.2
13/12/17,23.17,29.28
14/12/17,23.11,29.19
15/12/17,23.14,29
18/12/17,23.3,29.19
19/12/17,22.7,28.79
20/12/17,22.7,28.91
21/12/17,22.86,29.15
22/12/17,22.97,29.17
26/12/17,22.97,29.26
27/12/17,23.09,29.38
28/12/17,23.19,29.62
29/12/17,23.17,29.64
2/1/18,23.32,29.91
3/1/18,23.47,30.02
4/1/18,23.56,30.23
5/1/18,23.7,30.34
8/1/18,23.57,30.24
9/1/18,23.6,30.16
10/1/18,23.4,29.86
11/1/18,23.54,30.01
12/1/18,23.67,30.11
16/1/18,23.46,30.23
17/1/18,23.59,30.3
18/1/18,23.61,30.23
19/1/18,23.66,30.14
22/1/18,23.69,30.26
23/1/18,23.74,30.33
24/1/18,23.88,30.42
25/1/18,23.81,30.2
26/1/18,24.11,30.32
29/1/18,23.94,30.04
30/1/18,23.75,29.85
31/1/18,23.77,29.88
1/2/18,23.88,29.78
2/2/18,23.52,28.96
5/2/18,22.73,28.15
6/2/18,22.95,28.27
7/2/18,22.47,28.06
8/2/18,21.84,27.42
9/2/18,22.12,27.47
12/2/18,22.47,27.81
13/2/18,22.6,27.83
14/2/18,23,28.22
15/2/18,23.17,28.4
16/2/18,22.98,28.27
20/2/18,22.92,28.12
21/2/18,22.86,28.16
22/2/18,23.04,28.1
23/2/18,23.22,28.46
26/2/18,23.47,28.6
27/2/18,23.1,28.33
28/2/18,22.82,27.79
1/3/18,22.67,27.61
2/3/18,22.74,27.48
5/3/18,22.84,27.56
6/3/18,23.02,27.74
7/3/18,22.87,27.63
8/3/18,22.9,27.74
9/3/18,23.31,28.02
12/3/18,23.3,28
13/3/18,23,27.77
14/3/18,23.1,27.86
15/3/18,22.85,27.71
16/3/18,22.77,27.67
19/3/18,22.59,27.5
20/3/18,22.51,27.6
21/3/18,22.74,28.02
22/3/18,22.16,27.46
23/3/18,21.87,27.19
26/3/18,22.26,27.38
27/3/18,21.83,27.18
28/3/18,21.84,27.08
29/3/18,22.02,27.56
2/4/18,21.64,27.17
3/4/18,21.89,27.34
4/4/18,22.04,27.43
5/4/18,22.06,27.8
6/4/18,21.81,27.5
9/4/18,22.06,27.69
10/4/18,22.46,27.97
11/4/18,22.31,28.01
12/4/18,22.38,28.01
13/4/18,22.38,27.95
16/4/18,22.48,28.07
17/4/18,22.51,28.24
18/4/18,22.64,28.38
19/4/18,22.4,28.16
20/4/18,22.17,28.04
23/4/18,22.18,27.94
24/4/18,22.18,27.88
25/4/18,22.14,27.9
26/4/18,22.25,28.09
27/4/18,22.38,28.21
30/4/18,22.19,28.13
1/5/18,22.3,28.13
2/5/18,22.49,28.09
3/5/18,22.7,28.11
4/5/18,22.73,28.31
7/5/18,22.61,28.39
8/5/18,22.51,28.36
9/5/18,22.61,28.66
10/5/18,22.88,29.04
11/5/18,22.85,29.02
14/5/18,22.9,29.18
15/5/18,22.62,29.08
16/5/18,22.83,29.23
17/5/18,22.86,29.32
18/5/18,22.7,29.14
21/5/18,22.99,29.41
22/5/18,22.83,29.26
23/5/18,22.71,29.17
24/5/18,22.74,28.97
25/5/18,22.6,28.76
29/5/18,22.29,28.33
30/5/18,22.78,28.87
31/5/18,22.57,28.74
1/6/18,22.72,28.7
4/6/18,22.86,28.18
5/6/18,22.76,28.8
6/6/18,23.08,28.94
7/6/18,22.9,28.92
8/6/18,22.89,29.05
11/6/18,23.01,29.04
12/6/18,22.71,29.01
13/6/18,22.68,29.05
14/6/18,22.47,28.97
15/6/18,22.49,28.7
18/6/18,22.68,28.82
19/6/18,22.07,28.26
20/6/18,22.29,28.42
21/6/18,22.37,28.24
22/6/18,22.69,28.51
25/6/18,22.23,27.98
26/6/18,22.39,28.19
27/6/18,22.19,27.96
28/6/18,22.49,28.12
29/6/18,22.61,28.51